"LOAD_ID__C","FIRSTNAME","LASTNAME","ACCOUNTID"
"003o0000005w957AAA","John","Smith","001o0000006gYSaAAM"
"003o0000005w958AAA","Sally","Smith","001o0000006gYSaAAM"
"003o0000003OAePAAW","Josh","Davis","001o0000004Cn89AAC"
"003o0000003OAeQAAW","Jane","Grey","001o0000004Cn8AAAS"
"003o0000003OAeRAAW","Arthur","Song","001o0000004Cn8BAAS"
"003o0000003OAeSAAW","Ashley","James","001o0000004Cn82AAC"
"003o0000003OAeTAAW","Tom","Ripley","001o0000004Cn83AAC"
"003o0000003OAeUAAW","Liz","D'Cruz","001o0000004Cn83AAC"
"003o0000003OAeVAAW","Edna","Frank","001o0000004Cn81AAC"
"003o0000003OAeWAAW","Avi","Green","001o0000004Cn8BAAS"
"003o0000003OAeXAAW","Siddartha","Nedaerk","001o0000004Cn8CAAS"
"003o0000003OAeYAAW","Jake","Llorrac","001o0000004Cn8CAAS"
"003o0000003OAeFAAW","Rose","Gonzalez","001o0000004Cn84AAC"
"003o0000003OAeGAAW","Sean","Forbes","001o0000004Cn84AAC"
"003o0000003OAeHAAW","Jack","Rogers","001o0000004Cn85AAC"
"003o0000003OAeIAAW","Pat","Stumuller","001o0000004Cn86AAC"
"003o0000003OAeJAAW","Andy","Young","001o0000004Cn87AAC"
"003o0000003OAeKAAW","Tim","Barr","001o0000004Cn88AAC"
"003o0000003OAeLAAW","John","Bond","001o0000004Cn88AAC"
"003o0000003OAeMAAW","Stella","Pavlova","001o0000004Cn8BAAS"
"003o0000003OAeNAAW","Lauren","Boyle","001o0000004Cn8BAAS"
"003o0000003OAeOAAW","Babara","Levy","001o0000004Cn89AAC"
